counterparty,avg_size,avg_slippage
Caesar,4.423400539768217,-0.7926258136212098
Camilla,10.440128706044588,-0.7151995709798514
Charlie,3.3301392867726958,-1.6730218314728835
Gary,8.603603603603604,2.5476190476190474
Gina,5.219211822660099,-1.7389162561576355
Olivia,9.9,1.15
Pablo,3.152732368052312,0.24591312470808033
Paris,2.809265601217656,0.9650399543378996
Penelope,7.85379159847245,2.256683033278778
Peter,7.534031413612565,0.7539267015706806
